,1,1,,1,
,túi xách nữ - cầm tay,tui xach nu cam tay dep,,túi xách nữ - kiểu dáng,
,túi xách nữ - cầm tay,túi xách nữ cầm tay đẹp,,túi xách nữ - kiểu dáng,
,túi xách nữ - dây đeo,tui xach nu co day deo,,túi xách nữ - kiểu dáng,
,túi xách nữ - dây đeo, túi xách nữ có dây đeo,,túi xách nữ - kiểu dáng,
,túi xách nữ - dư tiệc,túi xách nữ sang chảnh,,túi xách nữ - dư tiệc,
,túi xách nữ - dư tiệc, túi xách nữ sang trọng,,túi xách nữ - dư tiệc,
,túi xách nữ - dư tiệc, túi xách nữ sành điệu,,túi xách nữ - dư tiệc,
,túi xách nữ - dư tiệc,tui xach nu sang chanh,,túi xách nữ - dư tiệc,
,túi xách nữ - dư tiệc,tui xach nu sang trong,,túi xách nữ - dư tiệc,
,túi xách nữ - dư tiệc, túi xách nữ dự tiệc,,túi xách nữ - dư tiệc,
,túi xách nữ - dư tiệc,túi xách nữ dự tiệc sang trọng,,túi xách nữ - dư tiệc,
,túi xách nữ - dự tiệc,tui xach nu du tiec,,túi xách nữ - dự tiệc,
,túi xách nữ - dự tiệc,tui xach nu du tiec sang trong,,túi xách nữ - dự tiệc,
,túi xách nữ - độ tuổi,tui xach danh cho phu nu 30 tuoi,,túi xách nữ - độ tuổi,
,túi xách nữ - độ tuổi,tui xach nu cho gioi tre,,túi xách nữ - độ tuổi,
,túi xách nữ - độ tuổi,tui xach nu tre trung,,túi xách nữ - độ tuổi,
,túi xách nữ - độ tuổi,túi xách dành cho phụ nữ 30 tuổi,,túi xách nữ - độ tuổi,
,túi xách nữ - độ tuổi, túi xách nữ cho giới trẻ,,túi xách nữ - độ tuổi,
,túi xách nữ - độ tuổi, túi xách nữ trẻ trung,,túi xách nữ - độ tuổi,
,túi xách nữ - kiểu dáng,túi xách đẹp cho nữ,,túi xách nữ - kiểu dáng,
,túi xách nữ - kiểu dáng,tui xach cheo nu,,túi xách nữ - kiểu dáng,
,túi xách nữ - kiểu dáng,tui xach cheo vai nu,,túi xách nữ - kiểu dáng,
,túi xách nữ - kiểu dáng,tui xach dang hop vuong,,túi xách nữ - kiểu dáng,
,túi xách nữ - kiểu dáng,tui xach nu classy,,túi xách nữ - kiểu dáng,
,túi xách nữ - kiểu dáng,tui xach nu hinh hop,,túi xách nữ - kiểu dáng,
,túi xách nữ - kiểu dáng,tui xach nu hop,,túi xách nữ - kiểu dáng,
,túi xách nữ - kiểu dáng,tui xach nu hinh tron,,túi xách nữ - kiểu dáng,
,túi xách nữ - kiểu dáng,túi xách dáng hộp vuông,,túi xách nữ - kiểu dáng,
,túi xách nữ - kiểu dáng,túi xách nữ hình hộp,,túi xách nữ - kiểu dáng,
,túi xách nữ - kiểu dáng,túi xách nữ hộp,,túi xách nữ - kiểu dáng,
,túi xách nữ - kiểu dáng,túi xách nữ hình tròn,,túi xách nữ - kiểu dáng,
,túi xách nữ - kiểu dáng,tui xach nu quai cheo,,túi xách nữ - kiểu dáng,
,túi xách nữ - kiểu dáng ,tui xach dep cho nu,,túi xách nữ - kiểu dáng ,
,túi xách nữ - phong cách,tui xach nu basic,,túi xách nữ - kiểu dáng,
,túi xách nữ - phong cách, túi xách nữ basic,,túi xách nữ - kiểu dáng,
,túi xách nữ - phong cách,túi xách nữ phong cách hàn quốc,,túi xách nữ - kiểu dáng,
,túi xách nữ - phong cách, túi xách nữ hàn quốc,,túi xách nữ - kiểu dáng,
,túi xách nữ - phong cách,tui xach nu phong cach han quoc,,túi xách nữ - kiểu dáng ,
,túi xách nữ - phong cách,tui xach nu han quoc,,túi xách nữ - kiểu dáng ,
,túi xách nữ - tính cách,tui xach ca tinh cho nu,,túi xách nữ - tính cách,
,túi xách nữ - tính cách,tui xach nu banh beo,,túi xách nữ - tính cách,
,túi xách nữ - tính cách,tui xach nu cute,,túi xách nữ - tính cách,
,túi xách nữ - tính cách,tui xach nu ca tinh,,túi xách nữ - tính cách,
,túi xách nữ - tính cách, túi xách nữ classy,,túi xách nữ - tính cách,
,túi xách nữ - tính cách, túi xách nữ cute,,túi xách nữ - tính cách,
,túi xách nữ - tính cách, túi xách nữ cá tính,,túi xách nữ - tính cách,
,túi xách nữ - tính cách,túi xách nữ dễ thương,,túi xách nữ - tính cách,
,túi xách nữ - tính cách,túi xách nữ ngầu,,túi xách nữ - tính cách,
,túi xách nữ - tính cách ,tui xach de thuong cho nu,,túi xách nữ - tính cách ,
,túi xách nữ - tính cách ,tui xach nu de thuong,,túi xách nữ - tính cách ,
,túi xách nữ - tính cách ,tui xach nu ngau,,túi xách nữ - tính cách ,
,túi xách nữ - tính cách ,túi xách cá tính cho nữ,,túi xách nữ - tính cách ,
,túi xách nữ - tính cách , túi xách dễ thương cho nữ,,túi xách nữ - tính cách ,
,túi xách nữ - tính cách ,túi xách nữ bánh bèo,,túi xách nữ - tính cách ,
,túi xách nữ - tính cách ,tui xach nu sanh dieu,,túi xách nữ - tính cách ,
,túi xách nữ - tính cách ,tui xach quai cheo nu de thuong,,túi xách nữ - tính cách ,
,túi xách nữ đeo chéo - ,túi đeo chéo nữ đi chơi,,túi xách nữ đeo chéo - ,
,túi xách nữ đeo chéo - ,túi đeo chéo nữ nhỏ gọn,,túi xách nữ đeo chéo - ,
,túi xách nữ đeo chéo - ,túi xách đeo chéo nữ,,túi xách nữ đeo chéo - ,
,túi xách nữ đeo chéo - da,túi da đeo chéo nữ,,túi xách nữ đeo chéo - ,
,túi xách nữ đeo chéo - da,túi đeo chéo nữ da thật,,túi xách nữ đeo chéo - ,
,túi xách nữ đeo chéo - kiểu dáng,túi nữ đeo chéo,,túi xách nữ đeo chéo - ,
,túi xách nữ đeo chéo - hành động ,mua túi đeo chéo nữ,,túi xách nữ đeo chéo - ,
,túi xách nữ đeo chéo - da,tui xach da nu deo cheo,,túi xách nữ đeo chéo - ,
,túi xách nữ đeo chéo - da,tui da deo cheo nu,,túi xách nữ đeo chéo - ,
,túi xách nữ đeo chéo - da,tui deo cheo nu da that,,túi xách nữ đeo chéo - ,
,túi xách nữ đeo chéo - da,tui da nu deo cheo,,túi xách nữ đeo chéo - da,
,túi xách nữ đeo chéo - da,tui da deo cheo cho nu,,túi xách nữ đeo chéo - da,
,túi xách nữ đeo chéo - da,tui xach da nu deo cheo,,túi xách nữ đeo chéo - da,
,túi xách nữ đeo chéo - da, túi xách da nữ đeo chéo,,túi xách nữ đeo chéo - da,
,túi xách nữ đeo chéo - da,túi da nữ đeo chéo,,túi xách nữ đeo chéo - da,
,túi xách nữ đeo chéo - da,túi da đeo chéo cho nữ,,túi xách nữ đeo chéo - da,
,túi xách nữ đeo chéo - da,túi xách da nữ đeo chéo,,túi xách nữ đeo chéo - da,
,túi xách nữ đeo chéo - dự tiệc ,túi đeo chéo nữ cao cấp,,túi xách nữ đeo chéo - ,
,túi xách nữ đeo chéo - dự tiệc ,tui deo cheo nu di choi,,túi xách nữ đeo chéo - ,
,túi xách nữ đeo chéo - dự tiệc ,tui deo cheo nu cao cap,,túi xách nữ đeo chéo - ,
,túi xách nữ đeo chéo - hành động ,mua tui deo cheo nu,,túi xách nữ đeo chéo - ,
,túi xách nữ đeo chéo - kiểu dáng,túi đeo chéo cho nữ,,túi xách nữ đeo chéo - ,
,túi xách nữ đeo chéo - kiểu dáng,túi đeo chéo nữ ,,túi xách nữ đeo chéo - ,
,túi xách nữ đeo chéo - kiểu dáng,túi xách đeo chéo nữ ,,túi xách nữ đeo chéo - ,
,túi xách nữ đeo chéo - kiểu dáng,túi nữ đeo chéo,,túi xách nữ đeo chéo - ,
,túi xách nữ đeo chéo - kiểu dáng,túi xách đeo chéo cho nữ,,túi xách nữ đeo chéo - ,
,túi xách nữ đeo chéo - kiểu dáng,tui xach nu deo cheo,,túi xách nữ đeo chéo - ,
,túi xách nữ đeo chéo - kiểu dáng,tui xach deo cheo nu,,túi xách nữ đeo chéo - ,
,túi xách nữ đeo chéo - kiểu dáng,tui deo cheo nu nho gon,,túi xách nữ đeo chéo - ,
,túi xách nữ đeo chéo - kiểu dáng,tui xach deo cheo nu,,túi xách nữ đeo chéo - ,
,túi xách nữ đeo chéo - kiểu dáng,tui nu deo cheo,,túi xách nữ đeo chéo - ,
,túi xách nữ đeo chéo - kiểu dáng,túi xách chéo nữ,,túi xách nữ đeo chéo - kiểu dáng,
,túi xách nữ đeo chéo - kiểu dáng,túi xách chéo vai nữ,,túi xách nữ đeo chéo - kiểu dáng,
,túi xách nữ đeo chéo - kiểu dáng,túi xách nữ quai chéo,,túi xách nữ đeo chéo - kiểu dáng,
,túi xách nữ đeo chéo - kiểu dáng, túi xách nữ đeo chéo,,túi xách nữ đeo chéo - kiểu dáng,
,túi xách nữ đeo chéo - kiểu dáng,túi xách đeo chéo nữ,,túi xách nữ đeo chéo - kiểu dáng,
,túi xách nữ đeo chéo - kiểu dáng,tui deo cheo cho nu,,túi xách nữ đeo chéo - kiểu dáng,
,túi xách nữ đeo chéo - kiểu dáng,tui deo cheo nu,,túi xách nữ đeo chéo - kiểu dáng,
,túi xách nữ đeo chéo - kiểu dáng,tui xach deo cheo nu,,túi xách nữ đeo chéo - kiểu dáng,
,túi xách nữ đeo chéo - kiểu dáng,tui nu deo cheo,,túi xách nữ đeo chéo - kiểu dáng,
,túi xách nữ đeo chéo - kiểu dáng,tui hop deo cheo nu,,túi xách nữ đeo chéo - kiểu dáng,
,túi xách nữ đeo chéo - kiểu dáng,tui tote deo cheo nu,,túi xách nữ đeo chéo - kiểu dáng,
,túi xách nữ đeo chéo - kiểu dáng,tui vuong deo cheo nu,,túi xách nữ đeo chéo - kiểu dáng,
,túi xách nữ đeo chéo - kiểu dáng,tui xach deo cheo cho nu,,túi xách nữ đeo chéo - kiểu dáng,
,túi xách nữ đeo chéo - kiểu dáng,túi hộp đeo chéo nữ,,túi xách nữ đeo chéo - kiểu dáng,
,túi xách nữ đeo chéo - kiểu dáng,túi tote đeo chéo nữ,,túi xách nữ đeo chéo - kiểu dáng,
,túi xách nữ đeo chéo - kiểu dáng,túi vuông đeo chéo nữ,,túi xách nữ đeo chéo - kiểu dáng,
,túi xách nữ đeo chéo - tính cách,tui xach nu deo cheo don gian,,túi xách nữ đeo chéo - kiểu dáng,
,túi xách nữ đeo chéo - tính cách,túi xách nữ đeo chéo đơn giản,,túi xách nữ đeo chéo - ,
,túi xách nữ đeo chéo - tính cách,túi xách nữ đeo chéo cá tính,,túi xách nữ đeo chéo - tính cách,
,túi xách nữ đeo chéo - tính cách,túi xách quai chéo nữ dễ thương,,túi xách nữ đeo chéo - tính cách,
,túi xách nữ đeo chéo - tính cách,tui xach nu deo cheo ca tinh,,túi xách nữ đeo chéo - tính cách,